"REPD Ref","Status","Site Name","Technology","Capacity (MW)","Local Authority","LA Code"
"Aberdeenshire","Frodo Solar and Battery Energy Development","Solar Photovoltaics",60.1,"Application Submitted","Aberdeenshire","S12000034"
"Aberdeenshire","Meikle Whiterashes - Biomass Boilers","Biomass (dedicated)",0.2,"Awaiting Construction","Aberdeenshire","S12000034"
"Argyll and Bute","Earraghail Renewable Energy Development","Solar Photovoltaics",5,"Application Submitted","Argyll and Bute","S12000035"
"Argyll and Bute","Blarghour Wind Farm","Wind Onshore",57.8,"Awaiting Construction","Argyll and Bute","S12000035"
"Argyll and Bute","Earraghail Renewable Energy Development","Wind Onshore",78,"Application Submitted","Argyll and Bute","S12000035"
"Argyll and Bute","High Constellation Wind Farm","Wind Onshore",48,"Awaiting Construction","Argyll and Bute","S12000035"
"Argyll and Bute","Narachan Wind Farm","Wind Onshore",95.2,"Application Submitted","Argyll and Bute","S12000035"
"Argyll and Bute","Airigh Wind Farm","Wind Onshore",58.8,"Awaiting Construction","Argyll and Bute","S12000035"
"Argyll and Bute","Tangy 4 Wind Farm","Wind Onshore",80,"Awaiting Construction","Argyll and Bute","S12000035"
"Argyll and Bute","Clachaig Glen","Wind Onshore",60,"Application Submitted","Argyll and Bute","S12000035"
"Borders","Teviot Wind Farm","Wind Onshore",409,"Application Submitted","Scottish Borders","S12000026"
"Borders","Teviot Wind Farm","Solar Photovoltaics",34,"Application Submitted","Scottish Borders","S12000026"
"Borders","Crystal Rig Wind Farm Phase IV","Wind Onshore",48,"Awaiting Construction","Scottish Borders","S12000026"
"Borders","Greystone Knowe Wind Farm - Wind Farm","Wind Onshore",75,"Application Submitted","Scottish Borders","S12000026"
"Dumfries and Galloway","Shepherd's Rig Wind Farm","Wind Onshore",78.6,"Application Submitted","Dumfries and Galloway","S12000006"
"Dumfries and Galloway","Scoop Hill Wind Farm","Wind Onshore",525,"Application Submitted","Dumfries and Galloway","S12000006"
"Dumfries and Galloway","Mid Moile Wind Farm","Wind Onshore",99.4,"Application Submitted","Dumfries and Galloway","S12000006"
"Dumfries and Galloway","Garcrogo Hill And Barmark Hill, Corsock - Wind Farm & Battery Storage","Wind Onshore",NA,"Application Submitted","Dumfries and Galloway","S12000006"
"Dumfries and Galloway","Kilgallioch Windfarm (Extension)","Wind Onshore",62,"Awaiting Construction","Dumfries and Galloway","S12000006"
"Dumfries and Galloway","Bloch Wind Farm & Battery Storage (Solway Bank Extension)","Wind Onshore",126,"Application Submitted","Dumfries and Galloway","S12000006"
"Dumfries and Galloway","Kellwood Road - Solar Panels","Solar Photovoltaics",0.16,"Application Submitted","Dumfries and Galloway","S12000006"
"Dumfries and Galloway","Windy Standard III Wind Farm (Brockloch Rig Phase 2)","Wind Onshore",67.5,"Awaiting Construction","Dumfries and Galloway","S12000006"
"Dumfries and Galloway","Sandy Knowe Wind Farm Extension","Wind Onshore",21.6,"Application Submitted","Dumfries and Galloway","S12000006"
"Dumfries and Galloway","Sandy Knowe Wind Farm","Wind Onshore",81.6,"Under Construction","Dumfries and Galloway","S12000006"
"Dumfries and Galloway","Plascow Farm - Solar Array","Solar Photovoltaics",NA,"Application Submitted","Dumfries and Galloway","S12000006"
"Dumfries and Galloway","Troston Loch","Wind Onshore",67.2,"Awaiting Construction","Dumfries and Galloway","S12000006"
"Dumfries and Galloway","Faw Side Community Wind Farm","Wind Onshore",315,"Application Submitted","Dumfries and Galloway","S12000006"
"Dumfries and Galloway","Lockerbie Creamery - Anaerobic Digester","Anaerobic Digestion",NA,"Awaiting Construction","Dumfries and Galloway","S12000006"
"Dumfries and Galloway","Lochside Of Fell, Crocketford - Solar Array","Solar Photovoltaics",0.3,"Application Submitted","Dumfries and Galloway","S12000006"
"Dumfries and Galloway","Sanquhar 2 Community Wind Farm","Wind Onshore",308,"Application Submitted","Dumfries and Galloway","S12000006"
"Dumfries and Galloway","Stranoch 2","Wind Onshore",84,"Awaiting Construction","Dumfries and Galloway","S12000006"
"Dumfries and Galloway","Kilgallioch Windfarm (Extension - Solar)","Solar Photovoltaics",20,"Awaiting Construction","Dumfries and Galloway","S12000006"
"Dumfries and Galloway","Hopsrig Wind Farm","Wind Onshore",85.5,"Application Submitted","Dumfries and Galloway","S12000006"
"Dumfries and Galloway","James And Sons, Johnstonebridge - Solar Panels","Solar Photovoltaics",0.2,"Application Submitted","Dumfries and Galloway","S12000006"
"East Ayrshire","Benbrack Wind Farm","Wind Onshore",72,"Under Construction","East Ayrshire","S12000008"
"East Ayrshire","Greenburn Wind Park","Wind Onshore",67.2,"Application Submitted","East Ayrshire","S12000008"
"East Ayrshire","Pencloe Wind Farm","Wind Onshore",85.5,"Awaiting Construction","East Ayrshire","S12000008"
"East Ayrshire","Knockkippen Wind, Solar & Battery Farm","Solar Photovoltaics",20,"Application Submitted","East Ayrshire","S12000008"
"East Ayrshire","Knockkippen Wind, Solar & Battery Farm","Wind Onshore",60,"Application Submitted","East Ayrshire","S12000008"
"East Ayrshire","Lethans Wind Farm","Wind Onshore",105.6,"Awaiting Construction","East Ayrshire","S12000008"
"East Ayrshire","Lethans Wind Farm Extension","Wind Onshore",66,"Application Submitted","East Ayrshire","S12000008"
"Fife","Wemyss Estate - Randolph Solar Farm & Battery Energy Storage","Solar Photovoltaics",50,"Awaiting Construction","Fife","S12000047"
"Highland","Braemore","Wind Onshore",54,"Awaiting Construction","Highland","S12000017"
"Highland","Tomchrasky Estate Wind farm","Wind Onshore",84,"Application Submitted","Highland","S12000017"
"Highland","Gordonbush (extension)","Wind Onshore",47,"Under Construction","Highland","S12000017"
"Highland","Hollandmey Renewable Energy Development","Solar Photovoltaics",15,"Application Submitted","Highland","S12000017"
"Highland","Kirkan Wind Farm","Wind Onshore",81.6,"Application Submitted","Highland","S12000017"
"Highland","Ourack","Wind Onshore",105,"Application Submitted","Highland","S12000017"
"Highland","Strathy Wood","Wind Onshore",62.4,"Awaiting Construction","Highland","S12000017"
"Highland","Limekiln Wind Farm (Extension)","Wind Onshore",21,"Awaiting Construction","Highland","S12000017"
"Highland","Lethen Wind Farm  Wind Turbines and Energy Storage","Wind Onshore",102,"Application Submitted","Highland","S12000017"
"Highland","Golticlay Wind Farm","Wind Onshore",64.6,"Awaiting Construction","Highland","S12000017"
"Highland","Kintradwell Lodge - Wind Farm","Wind Onshore",63,"Application Submitted","Highland","S12000017"
"Highland","Cairnmore Hill  Wind Farm","Wind Onshore",21,"Application Submitted","Highland","S12000017"
"Highland","Strathy South","Wind Onshore",218.4,"Awaiting Construction","Highland","S12000017"
"Highland","Kirkton Energy Farm","Wind Onshore",52.8,"Application Submitted","Highland","S12000017"
"Highland","Tormsdale -Wind Farm","Wind Onshore",50,"Application Submitted","Highland","S12000017"
"Highland","Chleansaid Onshore Wind Farm","Wind Onshore",96,"Application Submitted","Highland","S12000017"
"Highland","Gorthleck - Wind turbine","Wind Onshore",0.5,"Application Submitted","Highland","S12000017"
"Highland","Limekiln Wind Farm","Wind Onshore",79.8,"Awaiting Construction","Highland","S12000017"
"Highland","Hollandmey Renewable Energy Development","Wind Onshore",50,"Application Submitted","Highland","S12000017"
"Highland","Corriegarth 2","Wind Onshore",76,"Application Submitted","Highland","S12000017"
"Highland","Bunloinn Wind Farm","Wind Onshore",66.6,"Application Submitted","Highland","S12000017"
"Highland","Cloiche Wind Farm","Wind Onshore",150,"Application Submitted","Highland","S12000017"
"Highland","Wick Airport Industrial Estate - Solar Panels","Solar Photovoltaics",0.28,"Awaiting Construction","Highland","S12000017"
"Highland","Academy Road - Energy Centre & Anaerobic Digestion Facility","Anaerobic Digestion",4,"Awaiting Construction","Highland","S12000017"
"Highland","Armadale Wind Farm","Wind Onshore",57.6,"Application Submitted","Highland","S12000017"
"Highland","Bhlaraidh Wind Farm Extension","Wind Onshore",84,"Awaiting Construction","Highland","S12000017"
"Highland","Strath Oykel Wind Farm","Wind Onshore",72.6,"Application Submitted","Highland","S12000017"
"Highland","Cairn Duhie Wind Farm","Wind Onshore",67.2,"Application Submitted","Highland","S12000017"
"Moray","Rothes Wind Farm III","Wind Onshore",132,"Awaiting Construction","Moray","S12000020"
"Moray","Clash Gour","Wind Onshore",225,"Awaiting Construction","Moray","S12000020"
"Moray","Milltown Airfield (Speyslaw)","Solar Photovoltaics",50,"Awaiting Construction","Moray","S12000020"
"Offshore","Dounreay Trì Floating Wind Demonstration","Wind Offshore",10,"Under Construction","Offshore"," "
"Offshore","Telford Offshore Windfarm (Moray East)","Wind Offshore",313.5,"Under Construction","Offshore"," "
"Offshore","Forthwind","Wind Offshore",20,"Awaiting Construction","Offshore"," "
"Offshore","Inch Cape","Wind Offshore",1080,"Awaiting Construction","Offshore"," "
"Offshore","Moray West Offshore Wind Farm Project","Wind Offshore",882,"Under Construction","Offshore"," "
"Offshore","Sound of Islay","Tidal Barrage and Tidal Stream",10,"Awaiting Construction","Offshore"," "
"Offshore","Pentland Floating Offshore Wind Farm","Wind Offshore",100,"Application Submitted","Offshore"," "
"Offshore","Seagreen Phase 1 (Alpha)","Wind Offshore",525,"Under Construction","Offshore"," "
"Offshore","MacColl Offshore Windfarm (Moray East)","Wind Offshore",313.5,"Under Construction","Offshore"," "
"Offshore","Berwick Bank Offshore Wind Farm","Wind Offshore",4100,"Application Submitted","Offshore"," "
"Offshore","Stevenson Offshore Windfarm (Moray East)","Wind Offshore",323,"Under Construction","Offshore"," "
"Offshore","Neart na Gaoithe","Wind Offshore",450,"Under Construction","Offshore"," "
"Orkney Islands","Billia Croo Wave Test Site (Extension)","Shoreline Wave",20,"Application Submitted","Orkney Islands","S12000023"
"Orkney Islands","Brims Tidal Array (Cantick Head)","Tidal Barrage and Tidal Stream",200,"Application Submitted","Orkney Islands","S12000023"
"Orkney Islands","Inner Sound Phase 1B/1C (MeyGen)","Tidal Barrage and Tidal Stream",86,"Awaiting Construction","Orkney Islands","S12000023"
"Scottish Borders","Scawd Law Wind Farm","Wind Onshore",48,"Application Submitted","Scottish Borders","S12000026"
"Scottish Borders","Drysdale Vegetable Growers, Old Cambus -  Solar PV Panels","Solar Photovoltaics",0.80042,"Awaiting Construction","Scottish Borders","S12000026"
"Scottish Borders","Cloich Forest Wind Farm","Wind Onshore",63,"Application Submitted","Scottish Borders","S12000026"
"Shetland","Viking Wind Farm","Wind Onshore",443,"Under Construction","Shetland Islands","S12000027"
"Shetland","Beaw Field Wind Farm","Wind Onshore",59.5,"Awaiting Construction","Shetland Islands","S12000027"
"Shetland","Shetland Tidal Array (extension)","Tidal Barrage and Tidal Stream",1.4,"Awaiting Construction","Shetland Islands","S12000027"
"Shetland","Yell Wind Farm","Wind Onshore",126,"Application Submitted","Shetland Islands","S12000027"
"South Ayrshire","Arecleoch Wind Farm (extension)","Wind Onshore",73,"Awaiting Construction","South Ayrshire","S12000028"
"South Ayrshire","Knockcronal Wind Farm","Wind Onshore",59.4,"Application Submitted","South Ayrshire","S12000028"
"South Ayrshire","Carrick Windfarm","Wind Onshore",86,"Application Submitted","South Ayrshire","S12000028"
"South Ayrshire","Clauchrie Windfarm","Wind Onshore",100,"Application Submitted","South Ayrshire","S12000028"
"South Lanarkshire","Kennoxhead Wind Farm Extension (Phase 2)","Wind Onshore",38.4,"Awaiting Construction","South Lanarkshire","S12000029"
"South Lanarkshire","Heathland Wind Farm","Wind Onshore",80,"Awaiting Construction","South Lanarkshire","S12000029"
"South Lanarkshire","Hagshaw Hill (Repowering)","Wind Onshore",84,"Awaiting Construction","South Lanarkshire","S12000029"
"South Lanarkshire","Daer Wind Farm","Wind Onshore",100,"Application Submitted","South Lanarkshire","S12000029"
"South Lanarkshire","Kennoxhead Wind Farm Extension II (Penbreck) (Phase 2)","Wind Onshore",45.6,"Application Submitted","South Lanarkshire","S12000029"
"South Lanarkshire","Grayside Wind Farm","Wind Onshore",147,"Application Submitted","South Lanarkshire","S12000029"
"Western Isles","Uisenis/Eishken (Muaitheabhal) (East Extension)","Wind Onshore",21.6,"Awaiting Construction","Comhairle nan Eilean Siar","S12000013"
"Western Isles","Uisenis/Eishken (Muaitheabhal) (Southern Extension)","Wind Onshore",21.6,"Awaiting Construction","Comhairle nan Eilean Siar","S12000013"
"Western Isles","Uisenis/Eishken (Muaitheabhal) Wind Farm","Wind Onshore",118.8,"Awaiting Construction","Comhairle nan Eilean Siar","S12000013"
"Western Isles","Stornoway Wind Farm (second resubmission)","Wind Onshore",196,"Awaiting Construction","Comhairle nan Eilean Siar","S12000013"
"Aberdeen","Iron Mountain Howe Moss Drive","Solar Photovoltaics",0.3,"Awaiting Construction","Aberdeen City","S12000033"
"Grampian","Peterseat Drive - Solar PV Panels","Solar Photovoltaics",NA,"Awaiting Construction","Aberdeen City","S12000033"
"Grampian","North East Scotland College - Solar panels","Solar Photovoltaics",0.18,"Awaiting Construction","Aberdeen City","S12000033"
"Aberdeen","Ness Energy Project","EfW Incineration",11.1,"Under Construction","Aberdeen City","S12000033"
"Grampian","Little Broomfield - Biomass boiler","Biomass (dedicated)",0.21,"Awaiting Construction","Aberdeen City","S12000033"
"Aberdeenshire","Cullierlie Solar Farm","Solar Photovoltaics",13,"Awaiting Construction","Aberdeen City","S12000033"
"Grampian","North East Scotland College - Solar Panels","Solar Photovoltaics",0.3,"Awaiting Construction","Aberdeen City","S12000033"
"Aberdeenshire","Lunar Freezing & Cold Storage, Sandhaven Road - Solar panels","Solar Photovoltaics",0.29,"Awaiting Construction","Aberdeenshire","S12000034"
"Grampian","Hillhead Of Coldwells, Longhaven - Biomass Boilers","Biomass (dedicated)",0.26,"Awaiting Construction","Aberdeenshire","S12000034"
"Grampian","St Fergus Renewable Energy Park","Solar Photovoltaics",5,"Awaiting Construction","Aberdeenshire","S12000034"
"Grampian","Coast Viners Animal Nutrition, Drumlithie - Solar Array&Battery Storage","Solar Photovoltaics",9.2,"Application Submitted","Aberdeenshire","S12000034"
"Aberdeen","Skelmonae Farm","Solar Photovoltaics",1,"Awaiting Construction","Aberdeenshire","S12000034"
"Aberdeenshire","Skelmonae Wind Farm Extension","Wind Onshore",1.6,"Application Submitted","Aberdeenshire","S12000034"
"Grampian","Cairnbrogie Farm, Oldmeldrum - Wind Farm","Wind Onshore",3.6,"Application Submitted","Aberdeenshire","S12000034"
"Grampian","Balmcassie Commercial Park - Anaerobic digestion plant","Anaerobic Digestion",3.5,"Under Construction","Aberdeenshire","S12000034"
"Grampian","Bankhead Recycling - Solar Array, Battery Storage & Hydrogen","Solar Photovoltaics",3,"Application Submitted","Aberdeenshire","S12000034"
"Aberdeenshire","Wastewater Treatment Works, Fraserburgh","Solar Photovoltaics",1.028,"Under Construction","Aberdeenshire","S12000034"
"Grampian","Forest Farm Dairy, Glasgoforest - Solar Panels","Solar Photovoltaics",0.2,"Awaiting Construction","Aberdeenshire","S12000034"
"Aberdeenshire","Hillhead Of Gask, Longhaven - Solar Array","Solar Photovoltaics",14.2,"Awaiting Construction","Aberdeenshire","S12000034"
"Grampian","One Subsea, Badentoy Avenue - Solar Panels","Solar Photovoltaics",0.38,"Awaiting Construction","Aberdeenshire","S12000034"
"Grampian","St Fergus Renewable Energy Park","Wind Onshore",3,"Awaiting Construction","Aberdeenshire","S12000034"
"Aberdeen","Deuchries Windfarm (extension)","Wind Onshore",2,"Awaiting Construction","Aberdeenshire","S12000034"
"Grampian","Fordoun Sawmill Solar Array","Solar Photovoltaics",1.5,"Awaiting Construction","Aberdeenshire","S12000034"
"Aberdeen","Bruxiehall Farm","Solar Photovoltaics",2,"Under Construction","Aberdeenshire","S12000034"
"Aberdeen","Craigneil Hill","Wind Onshore",38,"Application Submitted","Aberdeenshire","S12000034"
"Aberdeen","Bilbo Solar Farm","Solar Photovoltaics",36.6,"Under Construction","Aberdeenshire","S12000034"
"Aberdeenshire","Badentoy Drive, Portlethen - Solar Panel","Solar Photovoltaics",0.365,"Awaiting Construction","Aberdeenshire","S12000034"
"Aberdeenshire","Henderson Road - Solar Panels","Solar Photovoltaics",0.2,"Awaiting Construction","Aberdeenshire","S12000034"
"Grampian","Mains Of Haulkerton - Solar Panels","Solar Photovoltaics",0.15,"Awaiting Construction","Aberdeenshire","S12000034"
"Aberdeen","Land to the north west of Hill of Petty","Wind Onshore",3.6,"Awaiting Construction","Aberdeenshire","S12000034"
"Aberdeen","Meikleton of Ardonald","Wind Onshore",1,"Awaiting Construction","Aberdeenshire","S12000034"
"Grampian","Bankhead Recycling - Solar Array, Battery Storage & Hydrogen","Large Hydro",NA,"Application Submitted","Aberdeenshire","S12000034"
"Aberdeenshire","Thainstone Energy Park Project ERF","EfW Incineration",35,"Application Submitted","Aberdeenshire","S12000034"
"Grampian","Blackiemuir - Solar Array","Solar Photovoltaics",0.2,"Awaiting Construction","Aberdeenshire","S12000034"
"Grampian","Enterprise Drive - Solar Panels","Solar Photovoltaics",0.18,"Awaiting Construction","Aberdeenshire","S12000034"
"Grampian","Kincraig - Solar Farm and battery storage system","Solar Photovoltaics",21,"Awaiting Construction","Aberdeenshire","S12000034"
"Grampian","Little Byth Wind Turbines, New Byth - Wind Turbine","Wind Onshore",1,"Application Submitted","Aberdeenshire","S12000034"
"Grampian","Archer House, Main Road, Blackburn -  Solar Pv Panels","Solar Photovoltaics",0.256,"Awaiting Construction","Aberdeenshire","S12000034"
"Aberdeenshire","Hallmoss Workshop, Inverallochy - Solar Panels","Solar Photovoltaics",0.17535,"Awaiting Construction","Aberdeenshire","S12000034"
"Aberdeenshire","Netherton","Wind Onshore",0.9,"Awaiting Construction","Aberdeenshire","S12000034"
"Grampian","Hillhead Of Coldwells, Longhaven - Biomass Boilers","Biomass (dedicated)",0.61,"Awaiting Construction","Aberdeenshire","S12000034"
"Angus","Arbikie, Inverkeilor - Green Hydrogen Project & Wind Turbine","Hydrogen",0.8,"Under Construction","Angus","S12000041"
"Angus","Castleton Of Eassie - Solar Photovoltaics","Solar Photovoltaics",0.2,"Awaiting Construction","Angus","S12000041"
"Angus","Field 730M West Of Queen Street","Solar Photovoltaics",5,"Awaiting Construction","Angus","S12000041"
"Angus","Arrats Mill, Arrat - Solar Photovoltaic Array","Solar Photovoltaics",18.5,"Application Submitted","Angus","S12000041"
"Angus","Newfordpark House, Glamis Road - Solar Panels","Solar Photovoltaics",6.68,"Application Submitted","Angus","S12000041"
"Angus","Montreathmont Moor Forest - Solar Farm & Battery Storage","Solar Photovoltaics",42,"Awaiting Construction","Angus","S12000041"
"Angus","East Ballochy","Solar Photovoltaics",39.9,"Awaiting Construction","Angus","S12000041"
"Angus","Dragonhall Farm, Padanaram - Solar Photovoltaic Array","Solar Photovoltaics",5,"Awaiting Construction","Angus","S12000041"
"Angus","Arbikie, Inverkeilor - Green Hydrogen Project & Wind Turbine","Wind Onshore",1,"Under Construction","Angus","S12000041"
"Angus","Lochhead Steading Concrete Block Manufacturing Plant","Solar Photovoltaics",0.23,"Awaiting Construction","Angus","S12000041"
"Argyll and Bute","Isle of Luing Wind Farm","Wind Onshore",0.2,"Awaiting Construction","Argyll and Bute","S12000035"
"Argyll and Bute","Garvie Burn","Small Hydro",0.4,"Awaiting Construction","Argyll and Bute","S12000035"
"Strathclyde","Blary Hill Wind Farm","Wind Onshore",35,"Under Construction","Argyll and Bute","S12000035"
"Argyll and Bute","Creag Dhubh","Wind Onshore",27,"Application Submitted","Argyll and Bute","S12000035"
"Strathclyde","Beinn an Tuirc Windfarm Phase 3","Wind Onshore",49.9,"Under Construction","Argyll and Bute","S12000035"
"Argyll and Bute","Eascairt Wind Farm","Wind Onshore",26,"Awaiting Construction","Argyll and Bute","S12000035"
"Argyll and Bute","Craig Farm","Small Hydro",0.4,"Under Construction","Argyll and Bute","S12000035"
"Argyll and Bute","Glen Noe River","Small Hydro",2,"Under Construction","Argyll and Bute","S12000035"
"Argyll and Bute","Allt Easach Hydro","Small Hydro",2,"Awaiting Construction","Argyll and Bute","S12000035"
"Clackmannanshire","Burnfoot East Wind Farm (further extension)","Wind Onshore",10.8,"Under Construction","Clackmannanshire","S12000005"
"Western Isles","Sandwick North St Community wind turbine","Wind Onshore",5,"Awaiting Construction","Comhairle nan Eilean Siar","S12000013"
"Western Isles","Druim Leathann Windfarm","Wind Onshore",48.3,"Application Submitted","Comhairle nan Eilean Siar","S12000013"
"Western Isles","Sandwick East Community Wind Farm","Wind Onshore",49.9,"Application Submitted","Comhairle nan Eilean Siar","S12000013"
"Western Isles","Beinn Thulabaigh Wind Turbine","Wind Onshore",5,"Awaiting Construction","Comhairle nan Eilean Siar","S12000013"
"Dumfries and Galloway","Glenmuckloch Wind Farm","Wind Onshore",33.6,"Awaiting Construction","Dumfries and Galloway","S12000006"
"Dumfries and Galloway","Glenhead Of Aldouran - Solar Array & Water Source Heat Pump System","Solar Photovoltaics",0.215,"Application Submitted","Dumfries and Galloway","S12000006"
"Dumfries and Galloway","Cornharrow - Wind Farm & Battery Storage","Wind Onshore",50,"Application Submitted","Dumfries and Galloway","S12000006"
"Dumfries and Galloway","Knockman Hill, Milnmark Farm - Wind Turbines","Wind Onshore",5,"Application Submitted","Dumfries and Galloway","S12000006"
"Wigtownshire","Barlockhart Moor Wind Turbines","Wind Onshore",8.4,"Awaiting Construction","Dumfries and Galloway","S12000006"
"Dumfries and Galloway","Fell Wind Farm","Wind Onshore",49,"Awaiting Construction","Dumfries and Galloway","S12000006"
"Dumfries and Galloway","Garvilland Farm","Wind Onshore",18,"Application Submitted","Dumfries and Galloway","S12000006"
"Dumfries and Galloway","Loganhead Wind Farm","Wind Onshore",25.6,"Awaiting Construction","Dumfries and Galloway","S12000006"
"Dumfries and Galloway","Plascow Wind Turbine","Wind Onshore",NA,"Awaiting Construction","Dumfries and Galloway","S12000006"
"Dumfries and Galloway","Glenshimmeroch Wind Farm","Wind Onshore",36,"Awaiting Construction","Dumfries and Galloway","S12000006"
"Dumfries and Galloway","Mochrum Fell Wind Farm","Wind Onshore",24,"Application Submitted","Dumfries and Galloway","S12000006"
"Dumfries and Galloway","Callisterhall Wind Farm -  Wind Farm & Battery Storage","Wind Onshore",39.2,"Application Submitted","Dumfries and Galloway","S12000006"
"Dumfries and Galloway","Twentyshilling Hill Wind Farm","Wind Onshore",37.8,"Under Construction","Dumfries and Galloway","S12000006"
"Dumfries and Galloway","Tesco Superstore Annan","Solar Photovoltaics",0.2,"Awaiting Construction","Dumfries and Galloway","S12000006"
"Dumfries and Galloway","Torrs Hill","Wind Onshore",4,"Under Construction","Dumfries and Galloway","S12000006"
"Dumfries and Galloway","Jockstown Farm Solar Farm","Solar Photovoltaics",37.9,"Awaiting Construction","Dumfries and Galloway","S12000006"
"Dumfries and Galloway","Land between Lorg Hill, Ewe Hill and Brown Hill","Wind Onshore",32.4,"Awaiting Construction","Dumfries and Galloway","S12000006"
"Dumfries and Galloway","Tesco Extra Dumfries","Solar Photovoltaics",0.8,"Awaiting Construction","Dumfries and Galloway","S12000006"
"Dumfries and Galloway","Larbrax Wind Farm","Wind Onshore",20,"Awaiting Construction","Dumfries and Galloway","S12000006"
"Dumfries and Galloway","High Nunton Farm - Solar Farm & Battery Storage","Solar Photovoltaics",49.9,"Application Submitted","Dumfries and Galloway","S12000006"
"Wigtownshire","Sandmill, Sandhead - Solar Panels","Solar Photovoltaics",0.46,"Awaiting Construction","Dumfries and Galloway","S12000006"
"Tayside","Baldovie Industrial Estate (Forties Road)","EfW Incineration",10,"Under Construction","Dundee City","S12000042"
"Tayside","Dykes Of Gray Road - Solar PV Array","Solar Photovoltaics",2,"Awaiting Construction","Dundee City","S12000042"
"Angus","Harris Academy, Perth Road - Extension/Roof Solar Photovoltaic Array","Solar Photovoltaics",NA,"Awaiting Construction","Dundee City","S12000042"
"Dundee","Police Station, Balunie Drive - Solar PV Array","Solar Photovoltaics",0.162405,"Application Submitted","Dundee City","S12000042"
"East Ayrshire","Polquhairn Wind Farm","Wind Onshore",34.2,"Application Submitted","East Ayrshire","S12000008"
"Strathclyde","Knockshinnoch Wind Farm","Wind Onshore",4,"Awaiting Construction","East Ayrshire","S12000008"
"East Ayrshire","Over Hill Wind Farm","Wind Onshore",33,"Awaiting Construction","East Ayrshire","S12000008"
"Strathclyde","Lorg Windfarm","Wind Onshore",49.5,"Awaiting Construction","East Ayrshire","S12000008"
"East Ayrshire","Loch Doon Dam Compensation Set","Small Hydro",0.3,"Awaiting Construction","East Ayrshire","S12000008"
"Ayrshire","Barr Killoch Energy Recovery Park","EfW Incineration",12,"Application Submitted","East Ayrshire","S12000008"
"Strathclyde","Moorfield North Industrial Park, Moorfield","Solar Photovoltaics",NA,"Application Submitted","East Ayrshire","S12000008"
"East Ayrshire","Hare Craig Windfarm","Wind Onshore",36,"Application Submitted","East Ayrshire","S12000008"
"Strathclyde","Sneddon Law Community Wind Farm","Wind Onshore",45,"Under Construction","East Ayrshire","S12000008"
"East Lothian","Dunbar Waste Water Treatment Works, Beltonford Hedderwick - Solar Panels","Solar Photovoltaics",0.26,"Application Submitted","East Lothian","S12000010"
"East Lothian","Howden Farm","Solar Photovoltaics",0.2,"Awaiting Construction","East Lothian","S12000010"
"Strathclyde","Nether Carswell Cottage Wind Turbine","Wind Onshore",4.2,"Application Submitted","East Renfrewshire","S12000011"
"East Renfrewshire","Moorshield Wind Farm","Wind Onshore",15,"Application Submitted","East Renfrewshire","S12000011"
"Lothian","Claylands Road","Solar Photovoltaics",0.2,"Awaiting Construction","City of Edinburgh","S12000036"
"Lothian","City of Edinburgh Council Buildings","Solar Photovoltaics",0.2,"Awaiting Construction","City of Edinburgh","S12000036"
"Falkirk","Easter Drumclair Wood","Wind Onshore",6,"Awaiting Construction","Falkirk","S12000014"
"Stirling","Caledon Green - Gas Powered Electricity Generation Facility","Landfill Gas",22.5,"Awaiting Construction","Falkirk","S12000014"
"Stirlingshire","Roughmute Sewage Treatment Works - Solar Panels","Solar Photovoltaics",0.812,"Awaiting Construction","Falkirk","S12000014"
"Falkirk","CalaChem Fine Chemicals (Grangemouth)","EfW Incineration",21.5,"Under Construction","Falkirk","S12000014"
"Central","North Inches - Solar Photovoltaic Electricity Generation","Solar Photovoltaics",NA,"Application Submitted","Falkirk","S12000014"
"Lothian","Campbells Prime Meat, The Heatherfield Whitecross - Solar Panels","Solar Photovoltaics",NA,"Awaiting Construction","Falkirk","S12000014"
"Central","Denny Wastewater Treatment, Winchester Avenue - Solar Panels","Solar Photovoltaics",0.44,"Awaiting Construction","Falkirk","S12000014"
"Fife","Dunfermline North - Solar Photovoltaic Array/Battery storage","Solar Photovoltaics",29.9,"Awaiting Construction","Fife","S12000047"
"Fife","Banbeath Industrial Estate Solar Array","Solar Photovoltaics",4.19,"Under Construction","Fife","S12000047"
"Fife","Leviton, Viewfield Industrial Estate - Solar Panels","Solar Photovoltaics",1,"Awaiting Construction","Fife","S12000047"
"Fife","Eden Campus","Solar Photovoltaics",1,"Awaiting Construction","Fife","S12000047"
"Fife","Banbeath Industrial Estate","Solar Photovoltaics",0.2,"Awaiting Construction","Fife","S12000047"
"Fife","Fife Energy Park - H100 Fife Hydrogen Demonstration Project","Hydrogen",NA,"Awaiting Construction","Fife","S12000047"
"Fife","Parkend Crossgates - Solar Panels & Battery Storage","Solar Photovoltaics",30,"Application Submitted","Fife","S12000047"
"Fife","Kirkcaldy W W T W, Nether Street- Solar Panels","Solar Photovoltaics",0.65,"Awaiting Construction","Fife","S12000047"
"Fife","Strathruddie, Kinglassie - Solar farm","Solar Photovoltaics",25,"Awaiting Construction","Fife","S12000047"
"Fife","Westfield (former Opencast Coal Mine)","EfW Incineration",23.7,"Under Construction","Fife","S12000047"
"Fife","Saline Shaw - Wind Turbine","Wind Onshore",0.5,"Awaiting Construction","Fife","S12000047"
"Fife","Land North of Balbeggie Avenue","Solar Photovoltaics",12,"Awaiting Construction","Fife","S12000047"
"Strathclyde","Dalmarnock Wastewater Treatment Works - Solar Panels","Solar Photovoltaics",NA,"Awaiting Construction","Glasgow City","S12000049"
"Strathclyde","Duke Street Solar Panels","Solar Photovoltaics",NA,"Awaiting Construction","Glasgow City","S12000049"
"Strathclyde","South Clyde Energy Centre","EfW Incineration",20,"Awaiting Construction","Glasgow City","S12000049"
"Strathclyde","Hutchesons Grammar School","Solar Photovoltaics",0.2,"Awaiting Construction","Glasgow City","S12000049"
"Strathclyde","Lochfauld Road - Solar Park","Solar Photovoltaics",18.4,"Application Submitted","Glasgow City","S12000049"
"Highland","Forss Wind Farm","Wind Onshore",4.5,"Application Submitted","Highland","S12000017"
"Highland","Allt na Moine","Small Hydro",2,"Under Construction","Highland","S12000017"
"Highland","Allt Eilidh","Small Hydro",0.6,"Under Construction","Highland","S12000017"
"Highland","Glen Etive Estate Phase I (Allt na Chaorainn)","Small Hydro",1.4,"Awaiting Construction","Highland","S12000017"
"Highland","Blackwater Dam","Small Hydro",0.8,"Awaiting Construction","Highland","S12000017"
"Highland","Ben Sca 2 Wind Turbines","Wind Onshore",8.4,"Awaiting Construction","Highland","S12000017"
"Highland","Glen Etive Estate Phase II (Allt Mheuran)","Small Hydro",0.9,"Awaiting Construction","Highland","S12000017"
"Highland","Glen Ullinish Wind Farm","Wind Onshore",42,"Awaiting Construction","Highland","S12000017"
"Highland","Gaineamhach Hydro Scheme Powerhouse","Small Hydro",2,"Awaiting Construction","Highland","S12000017"
"Highland","Allt Charnan","Small Hydro",1,"Awaiting Construction","Highland","S12000017"
"Highland","Duror 2 Hydro Scheme","Small Hydro",0.4,"Under Construction","Highland","S12000017"
"Highland","Lochaber Hydro Development (Scheme 3)","Small Hydro",2,"Awaiting Construction","Highland","S12000017"
"Highland","Land near Tacher, Latheron","Wind Onshore",4.1,"Under Construction","Highland","S12000017"
"Highland","Lochaber Hydro Development (Scheme 2)","Small Hydro",1.1,"Awaiting Construction","Highland","S12000017"
"Highland","Ardgour Hydro","Small Hydro",0.55,"Application Submitted","Highland","S12000017"
"Highland","Luichart Power Station","Small Hydro",2.6,"Awaiting Construction","Highland","S12000017"
"Highland","Dell Wind Farm","Wind Onshore",50,"Awaiting Construction","Highland","S12000017"
"Highland","Lairg 2 Wind Farm","Wind Onshore",34.5,"Awaiting Construction","Highland","S12000017"
"Highland","Invershin Community Hall - Wind Farm & Battery Storage","Wind Onshore",222,"Application Submitted","Highland","S12000017"
"Highland","Upper Bighouse Biomass Boilers","Biomass (dedicated)",260,"Application Submitted","Highland","S12000017"
"Highland","Sallachy Estate - Wind Farm","Wind Onshore",20,"Awaiting Construction","Highland","S12000017"
"Highland","Alness Academy","Solar Photovoltaics",0.5,"Under Construction","Highland","S12000017"
"Highland","Hill Of Lychrobbie","Wind Onshore",2.4,"Awaiting Construction","Highland","S12000017"
"Highland","Camster II","Wind Onshore",38,"Awaiting Construction","Highland","S12000017"
"Highland","Strath Tirry Wind Farm","Wind Onshore",22.8,"Awaiting Construction","Highland","S12000017"
"Highland","Allt Garaidh Ghualaich Hydro Scheme Powerhouse","Small Hydro",1.1,"Under Construction","Highland","S12000017"
"Highland","Inverness Royal Academy","Solar Photovoltaics",0.3,"Awaiting Construction","Highland","S12000017"
"Highland","Allt an t-Sidhein Hydro Scheme","Small Hydro",0.5,"Under Construction","Highland","S12000017"
"Highland","Lochluichart Wind Farm Extension 2","Wind Onshore",24,"Application Submitted","Highland","S12000017"
"Highland","Aberarder Wind Farm","Wind Onshore",49.9,"Awaiting Construction","Highland","S12000017"
"Highland","Ben Sca","Wind Onshore",29.4,"Awaiting Construction","Highland","S12000017"
"Strathclyde","Overton Water Treatment Works, Old Largs Road By Overton - Solar Panels","Solar Photovoltaics",0.62,"Application Submitted","Inverclyde","S12000018"
"Strathclyde","Greenock Headworks, Eldon Street - Solar Panels","Solar Photovoltaics",0.228,"Awaiting Construction","Inverclyde","S12000018"
"Inverclyde","King Street - Photovoltaic Panels","Solar Photovoltaics",NA,"Awaiting Construction","Inverclyde","S12000018"
"Inverclyde","Faulds Park Road- Solar PV Panlels","Solar Photovoltaics",0.341,"Awaiting Construction","Inverclyde","S12000018"
"Midlothian","Silverburn Water Tank, Hopelands Road - Solar Array","Solar Photovoltaics",0.24,"Application Submitted","Midlothian","S12000019"
"Midlothian","Rullion Road - Solar Array","Solar Photovoltaics",0.255,"Application Submitted","Midlothian","S12000019"
"Midlothian","Butlerfield Industrial Estate - Solar Array","Solar Photovoltaics",0.37392,"Application Submitted","Midlothian","S12000019"
"Midlothian","Easter Bush","Solar Photovoltaics",3,"Under Construction","Midlothian","S12000019"
NA,"James Hamilton Way - Solar Farm","Solar Photovoltaics",NA,"Application Submitted","Midlothian","S12000019"
"Midlothian","Old Dalkeith Road, Danderhall - Solar panels","Solar Photovoltaics",0.15,"Awaiting Construction","Midlothian","S12000019"
"Grampian","Portgordon - Anaerobic Digestion Tanks","Anaerobic Digestion",NA,"Under Construction","Moray","S12000020"
"Moray","Glenfiddich Distillery AD (Extension)","Anaerobic Digestion",2,"Awaiting Construction","Moray","S12000020"
"Moray","Speyslaw Solar Farm","Solar Photovoltaics",20,"Awaiting Construction","Moray","S12000020"
"Moray","Portgordon Maltings - Anaerobic Digestion Facility, Phase 2","Anaerobic Digestion",NA,"Awaiting Construction","Moray","S12000020"
"North Ayrshire","Glaxosmithkline Shewalton Road","Solar Photovoltaics",19.9,"Awaiting Construction","North Ayrshire","S12000021"
"North Ayrshire","Ardeer Peninsula, Ardeer - Wind Turbines","Wind Onshore",14.4,"Application Submitted","North Ayrshire","S12000021"
"Ayrshire","Ardagh Glass Limited - Solar Panels","Solar Photovoltaics",1,"Awaiting Construction","North Ayrshire","S12000021"
"North Ayrshire","Oldhall Industrial Estate","EfW Incineration",15,"Awaiting Construction","North Ayrshire","S12000021"
"Strathclyde","Sorbie Farm","Wind Onshore",9,"Under Construction","North Ayrshire","S12000021"
"North Ayrshire","Blackbarn Farm","Small Hydro",1,"Awaiting Construction","North Ayrshire","S12000021"
"North Ayrshire","Shewalton Road","Wind Onshore",3,"Awaiting Construction","North Ayrshire","S12000021"
"Strathclyde","Coatbridge Material Recovery and Renewable Energy Facility","Advanced Conversion Technologies",25,"Under Construction","North Lanarkshire","S12000050"
"North Lanarkshire","Brownhill Farm","Wind Onshore",8.4,"Awaiting Construction","North Lanarkshire","S12000050"
"North Lanarkshire","Land South East Of Auchterhead","Wind Onshore",2.3,"Application Submitted","North Lanarkshire","S12000050"
"North Lanarkshire","Tannochside Drive, Tannochside Park - Roof Mounted Solar Array","Solar Photovoltaics",NA,"Awaiting Construction","North Lanarkshire","S12000050"
"North Lanarkshire","Southrigg 2","Wind Onshore",4.2,"Awaiting Construction","North Lanarkshire","S12000050"
"Strathclyde","West Benhar wind farm","Wind Onshore",27.2,"Under Construction","North Lanarkshire","S12000050"
"North Lanarkshire","Hartwood Windfarm","Wind Onshore",21,"Awaiting Construction","North Lanarkshire","S12000050"
"Strathclyde","Hollywood Bowl Showcase Leisure Park, Barrbridge Road - Solar Array","Solar Photovoltaics",0.18,"Awaiting Construction","North Lanarkshire","S12000050"
"North Lanarkshire","Sewage Treatment Works, Rosehall Road - Solar PV Panels","Solar Photovoltaics",0.227,"Application Submitted","North Lanarkshire","S12000050"
"North Lanarkshire","Forrestfield Wind Farm","Wind Onshore",13.2,"Application Submitted","North Lanarkshire","S12000050"
"North Lanarkshire","Forrest Road, Salsburgh - Wind Farm","Wind Onshore",12.6,"Application Submitted","North Lanarkshire","S12000050"
"Strathclyde","Greengairs East Wind Farm","Wind Onshore",24,"Under Construction","North Lanarkshire","S12000050"
"Orkney Islands","Akla","Wind Onshore",2.7,"Awaiting Construction","Orkney Islands","S12000023"
"Orkney Islands","Hammars Hill Wind Farm Extension","Wind Onshore",8.4,"Awaiting Construction","Orkney Islands","S12000023"
"Orkney Islands","Orkney’s Community Wind Farm Project - Hoy","Wind Onshore",28.8,"Awaiting Construction","Orkney Islands","S12000023"
"Orkney Islands","Nitshill Wind Farm, Hundland Hill","Wind Onshore",26.4,"Application Submitted","Orkney Islands","S12000023"
"Orkney Islands","Orkney’s Community Wind Farm Project - Qanterness","Wind Onshore",28.8,"Awaiting Construction","Orkney Islands","S12000023"
"Orkney Islands","Costa Head Wind Farm","Wind Onshore",16.3,"Awaiting Construction","Orkney Islands","S12000023"
"Orkney Islands","Work Farm Wind Turbines","Wind Onshore",1.8,"Awaiting Construction","Orkney Islands","S12000023"
"Orkney Islands","Hesta Head Wind Farm","Wind Onshore",20.4,"Awaiting Construction","Orkney Islands","S12000023"
"Orkney Islands","Hammars Hill Wind Farm Extension","Hydrogen",NA,"Awaiting Construction","Orkney Islands","S12000023"
"Orkney Islands","Orkney’s Community Wind Farm Project - Faray","Wind Onshore",28.8,"Application Submitted","Orkney Islands","S12000023"
"Tayside","Rowan Gate - Solar Farm","Solar Photovoltaics",7,"Awaiting Construction","Perth and Kinross","S12000048"
"Tayside","Binn Eco Park","Advanced Conversion Technologies",4.6,"Awaiting Construction","Perth and Kinross","S12000048"
"Angus","Pleasance Road, Coupar - Solar Array","Solar Photovoltaics",49.9,"Application Submitted","Perth and Kinross","S12000048"
"Tayside","Binn Hill Solar Farm","Solar Photovoltaics",5,"Awaiting Construction","Perth and Kinross","S12000048"
"Tayside","Killiecrankie Waste Water Treatment Works - Solar Array","Solar Photovoltaics",0.3,"Application Submitted","Perth and Kinross","S12000048"
"Perth and Kinross","Carey Solar Farm","Solar Photovoltaics",10,"Awaiting Construction","Perth and Kinross","S12000048"
"Perth and Kinross","Binn Farm","EfW Incineration",7.3,"Awaiting Construction","Perth and Kinross","S12000048"
"Perth and Kinross","Strathallan Wind Farm","Wind Onshore",20.7,"Awaiting Construction","Perth and Kinross","S12000048"
"Angus","The James Hutton Institute - Solar PV Array","Solar Photovoltaics",2,"Awaiting Construction","Perth and Kinross","S12000048"
"Perth and Kinross","Perth Wastewater Treatment Works","Solar Photovoltaics",0.4,"Awaiting Construction","Perth and Kinross","S12000048"
"Tayside","Pitheavlis - Wind Turbine","Wind Onshore",1,"Awaiting Construction","Perth and Kinross","S12000048"
"Tayside","Greenacres, Braco - Hydrogen Production Facility","Hydrogen",NA,"Application Submitted","Perth and Kinross","S12000048"
"Tayside","Findony Farm, Dunning - Solar Array","Solar Photovoltaics",2,"Application Submitted","Perth and Kinross","S12000048"
"Strathclyde","Walkinshaw Gardens, Barnsford Road - Solar farm","Solar Photovoltaics",19.9,"Application Submitted","Renfrewshire","S12000038"
"Renfrewshire","East Fulwood Greenock Road - Solar Farm","Solar Photovoltaics",14.3,"Application Submitted","Renfrewshire","S12000038"
"Scottish Borders","Gilston Hill Wind Farm","Wind Onshore",21,"Awaiting Construction","Scottish Borders","S12000026"
"Borders","Plexus Lee, Forbes Way - Solar Panels","Solar Photovoltaics",0.51,"Awaiting Construction","Scottish Borders","S12000026"
"Scottish Borders","Pines Burn Wind Farm","Wind Onshore",33,"Awaiting Construction","Scottish Borders","S12000026"
"Borders","Burnfoot Industrial Estate - Solar Panels","Solar Photovoltaics",0.48,"Awaiting Construction","Scottish Borders","S12000026"
"Scottish Borders","Howpark Farm","Wind Onshore",20,"Under Construction","Scottish Borders","S12000026"
"Borders","Chesters - Millmoor Rig Wind Farm & Battery Energy Storage","Wind Onshore",78,"Application Submitted","Scottish Borders","S12000026"
"Shetland","Mossy Hill","Wind Onshore",46.8,"Awaiting Construction","Shetland Islands","S12000027"
"Shetland","North Hoo Fields","Wind Onshore",0.9,"Awaiting Construction","Shetland Islands","S12000027"
"Shetland","Culterfield, Cunningsburgh Wind","Wind Onshore",2.7,"Application Submitted","Shetland Islands","S12000027"
"Strathclyde","Girvan Distillery, Main Street - Anaerobic Digestion Facility","Anaerobic Digestion",2,"Awaiting Construction","South Ayrshire","S12000028"
"Ayrshire","Ailsa Hospital - Wind Turbine","Wind Onshore",1,"Application Submitted","South Ayrshire","S12000028"
"Strathclyde","Ladywell Avenue - Solar Panels","Solar Photovoltaics",0.25,"Application Submitted","South Ayrshire","S12000028"
"South Ayrshire","Kirk Hill Wind Farm","Wind Onshore",18.8,"Under Construction","South Ayrshire","S12000028"
"South Lanarkshire","Douglas West and Dalquhandy Renewable Energy Project","Wind Onshore",49,"Under Construction","South Lanarkshire","S12000029"
"Strathclyde","HY2GO - Hydrogen Electrolysis Facility","Hydrogen",NA,"Awaiting Construction","South Lanarkshire","S12000029"
"Strathclyde","Tennant Avenue College, East Kilbride - Solar Panels","Solar Photovoltaics",0.936,"Awaiting Construction","South Lanarkshire","S12000029"
"Strathclyde","Mill Rig Wind Farm","Wind Onshore",36,"Application Submitted","South Lanarkshire","S12000029"
"Strathclyde","Stoneyhill Farm Wind turbines","Wind Onshore",NA,"Application Submitted","South Lanarkshire","S12000029"
"Lanarkshire","Carlindean Farm, Carnwath - Anaerobic Digestion Plant","Anaerobic Digestion",NA,"Application Submitted","South Lanarkshire","S12000029"
"Strathclyde","Cunninghame Road, Farm Castle Industrial Estate - Solar Panels","Solar Photovoltaics",0.19,"Awaiting Construction","South Lanarkshire","S12000029"
"Strathclyde","Glasgow Road, Blantyre - Solar Panels","Solar Photovoltaics",0.37,"Application Submitted","South Lanarkshire","S12000029"
"Strathclyde","Low Drumclog Farm, Drumclog - 3 Wind Turbines","Wind Onshore",20,"Application Submitted","South Lanarkshire","S12000029"
"Strathclyde","Dungavel House, IRC Muirkirk Road - Wind Farm","Wind Onshore",11.4,"Application Submitted","South Lanarkshire","S12000029"
"Strathclyde","Hazelside farm","Wind Onshore",1.6,"Under Construction","South Lanarkshire","S12000029"
"Strathclyde","Bankend Rig II Wind Farm","Wind Onshore",10.2,"Application Submitted","South Lanarkshire","S12000029"
"South Lanarkshire","Draffanmarshill Farm","Wind Onshore",4.2,"Application Submitted","South Lanarkshire","S12000029"
"Lothian","Woolfords Farm - Onshore Wind Turbines","Wind Onshore",19.8,"Application Submitted","South Lanarkshire","S12000029"
"South Lanarkshire","Broken Cross (Former Surface Mine)","Wind Onshore",40,"Awaiting Construction","South Lanarkshire","S12000029"
"South Lanarkshire","Cumberhead Wind Farm","Wind Onshore",48,"Application Submitted","South Lanarkshire","S12000029"
"South Lanarkshire","Skellyton Wastewater Treatment Works - Solar Photovoltaic Panels","Solar Photovoltaics",0.199,"Awaiting Construction","South Lanarkshire","S12000029"
"Strathclyde","Little Gala Wind Farm","Wind Onshore",30,"Application Submitted","South Lanarkshire","S12000029"
"Strathclyde","Central Eco Park - Solar Farm","Solar Photovoltaics",12,"Application Submitted","South Lanarkshire","S12000029"
"Strathclyde","West Dykes","Wind Onshore",3,"Awaiting Construction","South Lanarkshire","S12000029"
"South Lanarkshire","Priestgill Wind Farm","Wind Onshore",22.4,"Awaiting Construction","South Lanarkshire","S12000029"
"Strathclyde","Clyde Avenue, Bothwell - Solar Array","Solar Photovoltaics",0.65,"Application Submitted","South Lanarkshire","S12000029"
"Strathclyde","Clyde Gateway Developments Limited - D2 Grids Demonstrator Project","Solar Photovoltaics",NA,"Application Submitted","South Lanarkshire","S12000029"
"Strathclyde","Mains Of Boquhan - Anaerobic Digester Facility","Anaerobic Digestion",NA,"Awaiting Construction","Stirling","S12000030"
"Stirling","Airthrey Road -  PV Solar Panels","Solar Photovoltaics",NA,"Awaiting Construction","Stirling","S12000030"
"Central","Shelloch Wind Farm","Wind Onshore",24,"Awaiting Construction","Stirling","S12000030"
"Stirling","Patrickston Farm","Solar Photovoltaics",15,"Awaiting Construction","Stirling","S12000030"
"Strathclyde","Aggreko, Stirling Road - Solar Panels","Solar Photovoltaics",NA,"Application Submitted","West Dunbartonshire","S12000039"
"Strathclyde","Rothesay Dock Plastic to Hydrogen Recycling Facility","Hydrogen",3.8,"Application Submitted","West Dunbartonshire","S12000039"
"West Lothian","Bathgate Waste Water Treatment - Solar Panels","Solar Photovoltaics",0.344,"Awaiting Construction","West Lothian","S12000040"
"West Lothian","Longhill Burn Wind Farm","Wind Onshore",45.6,"Awaiting Construction","West Lothian","S12000040"
"West Lothian","Uphall Business Park, Uphall - Solar PV Panels","Solar Photovoltaics",0.32841,"Awaiting Construction","West Lothian","S12000040"
"West Lothian","The Wyman Gordon Facility, Nettlehill Road- Solar Farm","Solar Photovoltaics",2,"Application Submitted","West Lothian","S12000040"
"West Lothian","Harburnhead Windfarm - Wind Turbine","Wind Onshore",4,"Application Submitted","West Lothian","S12000040"
"Lothian","Selms Muir - Solar Farm","Solar Photovoltaics",18,"Awaiting Construction","West Lothian","S12000040"
"West Lothian","Tormywheel Wind Farm Extension","Wind Onshore",5,"Awaiting Construction","West Lothian","S12000040"
"West Lothian","Gladsmuir Hills - Wind Farm","Wind Onshore",41,"Application Submitted","West Lothian","S12000040"
"West Lothian","Iron Mountain Building","Solar Photovoltaics",0.3,"Awaiting Construction","West Lothian","S12000040"
"West Lothian","Blackburn Waste Water Treatrment, Redhouse Road - Solar Panels","Solar Photovoltaics",0.34,"Awaiting Construction","West Lothian","S12000040"
"West Lothian","Heartland Terrace, Heartlands - Solar Photovoltaic Panels","Solar Photovoltaics",0.5289,"Awaiting Construction","West Lothian","S12000040"
"West Lothian","Levenseat Waste Management Facility","Advanced Conversion Technologies",17,"Awaiting Construction","West Lothian","S12000040"
"West Lothian","Pearie Law - Wind turbines","Wind Onshore",14.4,"Awaiting Construction","West Lothian","S12000040"
"West Lothian","Camilty Plantation - Wind Farm","Wind Onshore",25.8,"Awaiting Construction","West Lothian","S12000040"
